{"stats":{"minecraft:dropped":{"minecraft:wheat_seeds":1,"minecraft:rotten_flesh":1,"minecraft:leather":2,"rotten:fish_bone":62},"minecraft:custom":{"minecraft:time_since_rest":9581,"minecraft:interact_with_furnace":57,"minecraft:sprint_one_cm":31724,"minecraft:damage_taken":410,"minecraft:walk_one_cm":82434,"minecraft:mob_kills":36,"minecraft:drop":184,"minecraft:damage_dealt":1756,"minecraft:interact_with_crafting_table":16,"minecraft:fly_one_cm":204337,"minecraft:crouch_one_cm":2931,"minecraft:play_time":99975,"minecraft:deaths":1,"minecraft:sneak_time":2925,"minecraft:jump":365,"minecraft:leave_game":28,"minecraft:time_since_death":9555,"minecraft:total_world_time":296077,"minecraft:fall_one_cm":7125,"minecraft:horse_one_cm":313},"minecraft:picked_up":{"minecraft:leather":1,"minecraft:dirt":2,"rotten:fish_bone":24,"minecraft:wheat_seeds":1,"minecraft:bone_meal":2,"minecraft:cod":78,"minecraft:coal":58},"minecraft:used":{"rotten:pile_of_rotten_beef":3,"minecraft:netherite_sword":33,"rotten:pile_of_rotten_salmon":8,"minecraft:iron_shovel":1,"rotten:pile_of_rotten_chicken":23,"minecraft:stripped_jungle_log":1,"rotten:rotten_chicken":1,"minecraft:grass_block":5,"minecraft:oak_planks":62,"rotten:pile_of_rotten_porkchop":21,"minecraft:composter":1,"rotten:pile_of_rotten_mutton":1,"rotten:pile_of_rotten_rabbit":1,"minecraft:item_frame":95,"rotten:fridge":6,"minecraft:cod_spawn_egg":421,"minecraft:dirt":2,"minecraft:crafting_table":1,"minecraft:furnace":9,"rotten:rotten_porkchop":1,"minecraft:stripped_oak_log":19,"rotten:pile_of_rotten_cod":7},"minecraft:mined":{"firstmod:pile_of_rotten_porkchop":11,"minecraft:grass":3,"firstmod:pile_of_rotten_rabbit":1,"minecraft:grass_block":2},"minecraft:crafted":{"rotten:rotten_rabbit":9,"rotten:pile_of_rotten_rabbit":2,"rotten:pile_of_rotten_cod":2,"minecraft:leather":10,"minecraft:rabbit_hide":37,"rotten:rotten_chicken":9,"rotten:pile_of_rotten_beef":2,"rotten:rotten_beef":9,"rotten:pile_of_rotten_mutton":2,"rotten:rotten_cod":9,"rotten:pile_of_rotten_salmon":2,"rotten:pile_of_rotten_chicken":1,"rotten:rotten_mutton":9,"rotten:rotten_salmon":9,"minecraft:air":0,"rotten:pile_of_rotten_porkchop":2,"rotten:rotten_porkchop":9},"minecraft:killed":{"minecraft:skeleton":1,"minecraft:cod":32,"minecraft:cow":1,"minecraft:enderman":1}},"DataVersion":3218}