{
	"credit": "Made with Blockbench",
	"texture_size": [64, 64],
	"textures": {
		"0": "rotten:block/fridge",
		"particle": "rotten:block/fridge"
	},
	"elements": [
		{
			"from": [11, 8, 0],
			"to": [15, 9, 1],
			"faces": {
				"north": {"uv": [4, 8.5, 5, 8.75], "texture": "#0"},
				"east": {"uv": [7, 8.5, 7.25, 8.75], "texture": "#0"},
				"south": {"uv": [5, 8.5, 6, 8.75], "texture": "#0"},
				"west": {"uv": [7.25, 8.5, 7.5, 8.75], "texture": "#0"},
				"up": {"uv": [7, 8.75, 6, 8.5], "texture": "#0"},
				"down": {"uv": [5, 8.75, 4, 9], "texture": "#0"}
			}
		},
		{
			"from": [1, 1, 1],
			"to": [15, 15, 2],
			"faces": {
				"north": {"uv": [7.5, 7, 11, 10.5], "texture": "#0"},
				"east": {"uv": [3.5, 8, 3.75, 11.5], "texture": "#0"},
				"south": {"uv": [0, 8, 3.5, 11.5], "texture": "#0"},
				"west": {"uv": [3.75, 8, 4, 11.5], "texture": "#0"},
				"up": {"uv": [7.5, 8.25, 4, 8], "texture": "#0"},
				"down": {"uv": [7.5, 8.25, 4, 8.5], "texture": "#0"}
			}
		},
		{
			"from": [0, 0, 2],
			"to": [16, 16, 16],
			"faces": {
				"north": {"uv": [0, 0, 4, 4], "texture": "#0"},
				"east": {"uv": [4, 0, 7.5, 4], "texture": "#0"},
				"south": {"uv": [0, 4, 4, 8], "texture": "#0"},
				"west": {"uv": [4, 4, 7.5, 8], "texture": "#0"},
				"up": {"uv": [11.5, 3.5, 7.5, 0], "texture": "#0"},
				"down": {"uv": [11.5, 3.5, 7.5, 7], "texture": "#0"}
			}
		}
	],
	"display": {
		"thirdperson_righthand": {
			"rotation": [55, 0, 0],
			"scale": [0.3, 0.3, 0.3]
		},
		"thirdperson_lefthand": {
			"scale": [0.3, 0.3, 0.3]
		},
		"firstperson_righthand": {
			"scale": [0.3, 0.3, 0.3]
		},
		"firstperson_lefthand": {
			"scale": [0.3, 0.3, 0.3]
		},
		"ground": {
			"scale": [0.3, 0.3, 0.3]
		},
		"gui": {
			"rotation": [180, 44, 0],
			"translation": [-0.5, 0, 0],
			"scale": [0.75, 0.75, 0.75]
		}
	},
	"groups": [
		{
			"name": "Fridge",
			"origin": [8, 8, 8],
			"color": 0,
			"children": [0, 1, 2]
		}
	]
}